Age,Gender,Period,Unemployed
16 to 19 years,Men,Jan-05,91000
16 to 19 years,Women,Jan-05,38000
16 to 19 years,Men,Feb-05,90000
16 to 19 years,Women,Feb-05,54000
16 to 19 years,Men,Mar-05,114000
16 to 19 years,Women,Mar-05,53000
16 to 19 years,Men,Apr-05,86000
16 to 19 years,Women,Apr-05,53000
16 to 19 years,Men,May-05,87000
16 to 19 years,Women,May-05,44000
16 to 19 years,Men,Jun-05,74000
16 to 19 years,Women,Jun-05,47000
16 to 19 years,Men,Jul-05,79000
16 to 19 years,Women,Jul-05,39000
16 to 19 years,Men,Aug-05,69000
16 to 19 years,Women,Aug-05,47000
16 to 19 years,Men,Sep-05,64000
16 to 19 years,Women,Sep-05,41000
16 to 19 years,Men,Oct-05,51000
16 to 19 years,Women,Oct-05,48000
16 to 19 years,Men,Nov-05,53000
16 to 19 years,Women,Nov-05,28000
16 to 19 years,Men,Dec-05,62000
16 to 19 years,Women,Dec-05,30000
16 to 19 years,Men,Jan-06,34000
16 to 19 years,Women,Jan-06,39000
16 to 19 years,Men,Feb-06,68000
16 to 19 years,Women,Feb-06,26000
16 to 19 years,Men,Mar-06,84000
16 to 19 years,Women,Mar-06,40000
16 to 19 years,Men,Apr-06,97000
16 to 19 years,Women,Apr-06,28000
16 to 19 years,Men,May-06,66000
16 to 19 years,Women,May-06,45000
16 to 19 years,Men,Jun-06,63000
16 to 19 years,Women,Jun-06,30000
16 to 19 years,Men,Jul-06,74000
16 to 19 years,Women,Jul-06,74000
16 to 19 years,Men,Aug-06,77000
16 to 19 years,Women,Aug-06,46000
16 to 19 years,Men,Sep-06,53000
16 to 19 years,Women,Sep-06,27000
16 to 19 years,Men,Oct-06,50000
16 to 19 years,Women,Oct-06,21000
16 to 19 years,Men,Nov-06,61000
16 to 19 years,Women,Nov-06,37000
16 to 19 years,Men,Dec-06,66000
16 to 19 years,Women,Dec-06,30000
16 to 19 years,Men,Jan-07,57000
16 to 19 years,Women,Jan-07,33000
16 to 19 years,Men,Feb-07,100000
16 to 19 years,Women,Feb-07,37000
16 to 19 years,Men,Mar-07,83000
16 to 19 years,Women,Mar-07,24000
16 to 19 years,Men,Apr-07,90000
16 to 19 years,Women,Apr-07,45000
16 to 19 years,Men,May-07,73000
16 to 19 years,Women,May-07,37000
16 to 19 years,Men,Jun-07,54000
16 to 19 years,Women,Jun-07,54000
16 to 19 years,Men,Jul-07,44000
16 to 19 years,Women,Jul-07,41000
16 to 19 years,Men,Aug-07,43000
16 to 19 years,Women,Aug-07,47000
16 to 19 years,Men,Sep-07,68000
16 to 19 years,Women,Sep-07,36000
16 to 19 years,Men,Oct-07,60000
16 to 19 years,Women,Oct-07,27000
16 to 19 years,Men,Nov-07,65000
16 to 19 years,Women,Nov-07,46000
16 to 19 years,Men,Dec-07,69000
16 to 19 years,Women,Dec-07,36000
16 to 19 years,Men,Jan-08,90000
16 to 19 years,Women,Jan-08,47000
16 to 19 years,Men,Feb-08,105000
16 to 19 years,Women,Feb-08,37000
16 to 19 years,Men,Mar-08,71000
16 to 19 years,Women,Mar-08,51000
16 to 19 years,Men,Apr-08,95000
16 to 19 years,Women,Apr-08,50000
16 to 19 years,Men,May-08,91000
16 to 19 years,Women,May-08,69000
16 to 19 years,Men,Jun-08,80000
16 to 19 years,Women,Jun-08,51000
16 to 19 years,Men,Jul-08,74000
16 to 19 years,Women,Jul-08,48000
16 to 19 years,Men,Aug-08,78000
16 to 19 years,Women,Aug-08,62000
16 to 19 years,Men,Sep-08,75000
16 to 19 years,Women,Sep-08,69000
16 to 19 years,Men,Oct-08,114000
16 to 19 years,Women,Oct-08,48000
16 to 19 years,Men,Nov-08,106000
16 to 19 years,Women,Nov-08,53000
16 to 19 years,Men,Dec-08,109000
16 to 19 years,Women,Dec-08,83000
16 to 19 years,Men,Jan-09,135000
16 to 19 years,Women,Jan-09,86000
16 to 19 years,Men,Feb-09,198000
16 to 19 years,Women,Feb-09,85000
16 to 19 years,Men,Mar-09,152000
16 to 19 years,Women,Mar-09,112000
16 to 19 years,Men,Apr-09,213000
16 to 19 years,Women,Apr-09,121000
16 to 19 years,Men,May-09,174000
16 to 19 years,Women,May-09,102000
16 to 19 years,Men,Jun-09,207000
16 to 19 years,Women,Jun-09,118000
16 to 19 years,Men,Jul-09,192000
16 to 19 years,Women,Jul-09,126000
16 to 19 years,Men,Aug-09,180000
16 to 19 years,Women,Aug-09,94000
16 to 19 years,Men,Sep-09,165000
16 to 19 years,Women,Sep-09,99000
16 to 19 years,Men,Oct-09,229000
16 to 19 years,Women,Oct-09,118000
16 to 19 years,Men,Nov-09,228000
16 to 19 years,Women,Nov-09,113000
16 to 19 years,Men,Dec-09,237000
16 to 19 years,Women,Dec-09,136000
16 to 19 years,Men,Jan-10,227000
16 to 19 years,Women,Jan-10,134000
16 to 19 years,Men,Feb-10,228000
16 to 19 years,Women,Feb-10,132000
16 to 19 years,Men,Mar-10,286000
16 to 19 years,Women,Mar-10,152000
16 to 19 years,Men,Apr-10,296000
16 to 19 years,Women,Apr-10,118000
16 to 19 years,Men,May-10,240000
16 to 19 years,Women,May-10,159000
16 to 19 years,Men,Jun-10,280000
16 to 19 years,Women,Jun-10,117000
16 to 19 years,Men,Jul-10,238000
16 to 19 years,Women,Jul-10,152000
16 to 19 years,Men,Aug-10,197000
16 to 19 years,Women,Aug-10,126000
16 to 19 years,Men,Sep-10,158000
16 to 19 years,Women,Sep-10,93000
16 to 19 years,Men,Oct-10,162000
16 to 19 years,Women,Oct-10,144000
16 to 19 years,Men,Nov-10,149000
16 to 19 years,Women,Nov-10,105000
16 to 19 years,Men,Dec-10,149000
16 to 19 years,Women,Dec-10,143000
16 to 19 years,Men,Jan-11,204000
16 to 19 years,Women,Jan-11,148000
16 to 19 years,Men,Feb-11,196000
16 to 19 years,Women,Feb-11,99000
16 to 19 years,Men,Mar-11,205000
16 to 19 years,Women,Mar-11,134000
16 to 19 years,Men,Apr-11,241000
16 to 19 years,Women,Apr-11,115000
16 to 19 years,Men,May-11,196000
16 to 19 years,Women,May-11,162000
16 to 19 years,Men,Jun-11,180000
16 to 19 years,Women,Jun-11,151000
16 to 19 years,Men,Jul-11,164000
16 to 19 years,Women,Jul-11,171000
16 to 19 years,Men,Aug-11,163000
16 to 19 years,Women,Aug-11,195000
16 to 19 years,Men,Sep-11,134000
16 to 19 years,Women,Sep-11,157000
16 to 19 years,Men,Oct-11,146000
16 to 19 years,Women,Oct-11,113000
16 to 19 years,Men,Nov-11,189000
16 to 19 years,Women,Nov-11,111000
16 to 19 years,Men,Dec-11,150000
16 to 19 years,Women,Dec-11,96000
16 to 19 years,Men,Jan-12,200000
16 to 19 years,Women,Jan-12,139000
16 to 19 years,Men,Feb-12,184000
16 to 19 years,Women,Feb-12,136000
16 to 19 years,Men,Mar-12,186000
16 to 19 years,Women,Mar-12,151000
16 to 19 years,Men,Apr-12,180000
16 to 19 years,Women,Apr-12,146000
16 to 19 years,Men,May-12,168000
16 to 19 years,Women,May-12,127000
16 to 19 years,Men,Jun-12,159000
16 to 19 years,Women,Jun-12,118000
16 to 19 years,Men,Jul-12,149000
16 to 19 years,Women,Jul-12,121000
16 to 19 years,Men,Aug-12,121000
16 to 19 years,Women,Aug-12,114000
16 to 19 years,Men,Sep-12,147000
16 to 19 years,Women,Sep-12,82000
16 to 19 years,Men,Oct-12,160000
16 to 19 years,Women,Oct-12,105000
16 to 19 years,Men,Nov-12,192000
16 to 19 years,Women,Nov-12,96000
16 to 19 years,Men,Dec-12,155000
16 to 19 years,Women,Dec-12,69000
16 to 19 years,Men,Jan-13,166000
16 to 19 years,Women,Jan-13,107000
16 to 19 years,Men,Feb-13,202000
16 to 19 years,Women,Feb-13,95000
16 to 19 years,Men,Mar-13,151000
16 to 19 years,Women,Mar-13,103000
16 to 19 years,Men,Apr-13,160000
16 to 19 years,Women,Apr-13,124000
16 to 19 years,Men,May-13,161000
16 to 19 years,Women,May-13,94000
16 to 19 years,Men,Jun-13,146000
16 to 19 years,Women,Jun-13,106000
16 to 19 years,Men,Jul-13,131000
16 to 19 years,Women,Jul-13,79000
16 to 19 years,Men,Aug-13,123000
16 to 19 years,Women,Aug-13,77000
16 to 19 years,Men,Sep-13,141000
16 to 19 years,Women,Sep-13,37000
16 to 19 years,Men,Oct-13,132000
16 to 19 years,Women,Oct-13,73000
16 to 19 years,Men,Nov-13,144000
16 to 19 years,Women,Nov-13,75000
16 to 19 years,Men,Dec-13,106000
16 to 19 years,Women,Dec-13,62000
16 to 19 years,Men,Jan-14,97000
16 to 19 years,Women,Jan-14,88000
16 to 19 years,Men,Feb-14,129000
16 to 19 years,Women,Feb-14,112000
16 to 19 years,Men,Mar-14,136000
16 to 19 years,Women,Mar-14,99000
16 to 19 years,Men,Apr-14,119000
16 to 19 years,Women,Apr-14,88000
16 to 19 years,Men,May-14,84000
16 to 19 years,Women,May-14,75000
16 to 19 years,Men,Jun-14,66000
16 to 19 years,Women,Jun-14,81000
16 to 19 years,Men,Jul-14,98000
16 to 19 years,Women,Jul-14,93000
16 to 19 years,Men,Aug-14,105000
16 to 19 years,Women,Aug-14,68000
16 to 19 years,Men,Sep-14,89000
16 to 19 years,Women,Sep-14,83000
16 to 19 years,Men,Oct-14,84000
16 to 19 years,Women,Oct-14,37000
16 to 19 years,Men,Nov-14,75000
16 to 19 years,Women,Nov-14,62000
16 to 19 years,Men,Dec-14,81000
16 to 19 years,Women,Dec-14,60000
16 to 19 years,Men,Jan-15,85000
16 to 19 years,Women,Jan-15,75000
16 to 19 years,Men,Feb-15,93000
16 to 19 years,Women,Feb-15,80000
20 to 24 years,Men,Jan-05,175000
20 to 24 years,Women,Jan-05,90000
20 to 24 years,Men,Feb-05,154000
20 to 24 years,Women,Feb-05,114000
20 to 24 years,Men,Mar-05,137000
20 to 24 years,Women,Mar-05,113000
20 to 24 years,Men,Apr-05,125000
20 to 24 years,Women,Apr-05,114000
20 to 24 years,Men,May-05,106000
20 to 24 years,Women,May-05,99000
20 to 24 years,Men,Jun-05,109000
20 to 24 years,Women,Jun-05,73000
20 to 24 years,Men,Jul-05,110000
20 to 24 years,Women,Jul-05,72000
20 to 24 years,Men,Aug-05,142000
20 to 24 years,Women,Aug-05,57000
20 to 24 years,Men,Sep-05,127000
20 to 24 years,Women,Sep-05,55000
20 to 24 years,Men,Oct-05,102000
20 to 24 years,Women,Oct-05,56000
20 to 24 years,Men,Nov-05,97000
20 to 24 years,Women,Nov-05,65000
20 to 24 years,Men,Dec-05,93000
20 to 24 years,Women,Dec-05,56000
20 to 24 years,Men,Jan-06,126000
20 to 24 years,Women,Jan-06,27000
20 to 24 years,Men,Feb-06,135000
20 to 24 years,Women,Feb-06,75000
20 to 24 years,Men,Mar-06,140000
20 to 24 years,Women,Mar-06,52000
20 to 24 years,Men,Apr-06,174000
20 to 24 years,Women,Apr-06,71000
20 to 24 years,Men,May-06,125000
20 to 24 years,Women,May-06,54000
20 to 24 years,Men,Jun-06,106000
20 to 24 years,Women,Jun-06,39000
20 to 24 years,Men,Jul-06,93000
20 to 24 years,Women,Jul-06,81000
20 to 24 years,Men,Aug-06,130000
20 to 24 years,Women,Aug-06,63000
20 to 24 years,Men,Sep-06,101000
20 to 24 years,Women,Sep-06,88000
20 to 24 years,Men,Oct-06,92000
20 to 24 years,Women,Oct-06,68000
20 to 24 years,Men,Nov-06,80000
20 to 24 years,Women,Nov-06,82000
20 to 24 years,Men,Dec-06,97000
20 to 24 years,Women,Dec-06,49000
20 to 24 years,Men,Jan-07,87000
20 to 24 years,Women,Jan-07,43000
20 to 24 years,Men,Feb-07,123000
20 to 24 years,Women,Feb-07,45000
20 to 24 years,Men,Mar-07,110000
20 to 24 years,Women,Mar-07,35000
20 to 24 years,Men,Apr-07,99000
20 to 24 years,Women,Apr-07,53000
20 to 24 years,Men,May-07,88000
20 to 24 years,Women,May-07,44000
20 to 24 years,Men,Jun-07,113000
20 to 24 years,Women,Jun-07,44000
20 to 24 years,Men,Jul-07,129000
20 to 24 years,Women,Jul-07,75000
20 to 24 years,Men,Aug-07,150000
20 to 24 years,Women,Aug-07,66000
20 to 24 years,Men,Sep-07,131000
20 to 24 years,Women,Sep-07,73000
20 to 24 years,Men,Oct-07,117000
20 to 24 years,Women,Oct-07,83000
20 to 24 years,Men,Nov-07,88000
20 to 24 years,Women,Nov-07,100000
20 to 24 years,Men,Dec-07,106000
20 to 24 years,Women,Dec-07,80000
20 to 24 years,Men,Jan-08,138000
20 to 24 years,Women,Jan-08,76000
20 to 24 years,Men,Feb-08,146000
20 to 24 years,Women,Feb-08,56000
20 to 24 years,Men,Mar-08,142000
20 to 24 years,Women,Mar-08,52000
20 to 24 years,Men,Apr-08,154000
20 to 24 years,Women,Apr-08,44000
20 to 24 years,Men,May-08,174000
20 to 24 years,Women,May-08,61000
20 to 24 years,Men,Jun-08,160000
20 to 24 years,Women,Jun-08,71000
20 to 24 years,Men,Jul-08,151000
20 to 24 years,Women,Jul-08,85000
20 to 24 years,Men,Aug-08,138000
20 to 24 years,Women,Aug-08,101000
20 to 24 years,Men,Sep-08,169000
20 to 24 years,Women,Sep-08,141000
20 to 24 years,Men,Oct-08,176000
20 to 24 years,Women,Oct-08,104000
20 to 24 years,Men,Nov-08,152000
20 to 24 years,Women,Nov-08,106000
20 to 24 years,Men,Dec-08,216000
20 to 24 years,Women,Dec-08,132000
20 to 24 years,Men,Jan-09,234000
20 to 24 years,Women,Jan-09,123000
20 to 24 years,Men,Feb-09,258000
20 to 24 years,Women,Feb-09,178000
20 to 24 years,Men,Mar-09,288000
20 to 24 years,Women,Mar-09,169000
20 to 24 years,Men,Apr-09,366000
20 to 24 years,Women,Apr-09,167000
20 to 24 years,Men,May-09,366000
20 to 24 years,Women,May-09,212000
20 to 24 years,Men,Jun-09,300000
20 to 24 years,Women,Jun-09,212000
20 to 24 years,Men,Jul-09,416000
20 to 24 years,Women,Jul-09,277000
20 to 24 years,Men,Aug-09,360000
20 to 24 years,Women,Aug-09,242000
20 to 24 years,Men,Sep-09,395000
20 to 24 years,Women,Sep-09,306000
20 to 24 years,Men,Oct-09,400000
20 to 24 years,Women,Oct-09,245000
20 to 24 years,Men,Nov-09,425000
20 to 24 years,Women,Nov-09,297000
20 to 24 years,Men,Dec-09,428000
20 to 24 years,Women,Dec-09,230000
20 to 24 years,Men,Jan-10,542000
20 to 24 years,Women,Jan-10,244000
20 to 24 years,Men,Feb-10,516000
20 to 24 years,Women,Feb-10,231000
20 to 24 years,Men,Mar-10,564000
20 to 24 years,Women,Mar-10,245000
20 to 24 years,Men,Apr-10,653000
20 to 24 years,Women,Apr-10,314000
20 to 24 years,Men,May-10,493000
20 to 24 years,Women,May-10,293000
20 to 24 years,Men,Jun-10,516000
20 to 24 years,Women,Jun-10,301000
20 to 24 years,Men,Jul-10,566000
20 to 24 years,Women,Jul-10,359000
20 to 24 years,Men,Aug-10,505000
20 to 24 years,Women,Aug-10,273000
20 to 24 years,Men,Sep-10,414000
20 to 24 years,Women,Sep-10,252000
20 to 24 years,Men,Oct-10,457000
20 to 24 years,Women,Oct-10,315000
20 to 24 years,Men,Nov-10,440000
20 to 24 years,Women,Nov-10,306000
20 to 24 years,Men,Dec-10,456000
20 to 24 years,Women,Dec-10,297000
20 to 24 years,Men,Jan-11,507000
20 to 24 years,Women,Jan-11,348000
20 to 24 years,Men,Feb-11,460000
20 to 24 years,Women,Feb-11,371000
20 to 24 years,Men,Mar-11,510000
20 to 24 years,Women,Mar-11,329000
20 to 24 years,Men,Apr-11,481000
20 to 24 years,Women,Apr-11,324000
20 to 24 years,Men,May-11,455000
20 to 24 years,Women,May-11,354000
20 to 24 years,Men,Jun-11,451000
20 to 24 years,Women,Jun-11,297000
20 to 24 years,Men,Jul-11,423000
20 to 24 years,Women,Jul-11,312000
20 to 24 years,Men,Aug-11,418000
20 to 24 years,Women,Aug-11,281000
20 to 24 years,Men,Sep-11,443000
20 to 24 years,Women,Sep-11,322000
20 to 24 years,Men,Oct-11,392000
20 to 24 years,Women,Oct-11,329000
20 to 24 years,Men,Nov-11,462000
20 to 24 years,Women,Nov-11,307000
20 to 24 years,Men,Dec-11,474000
20 to 24 years,Women,Dec-11,250000
20 to 24 years,Men,Jan-12,480000
20 to 24 years,Women,Jan-12,239000
20 to 24 years,Men,Feb-12,489000
20 to 24 years,Women,Feb-12,264000
20 to 24 years,Men,Mar-12,439000
20 to 24 years,Women,Mar-12,255000
20 to 24 years,Men,Apr-12,439000
20 to 24 years,Women,Apr-12,215000
20 to 24 years,Men,May-12,475000
20 to 24 years,Women,May-12,246000
20 to 24 years,Men,Jun-12,446000
20 to 24 years,Women,Jun-12,239000
20 to 24 years,Men,Jul-12,435000
20 to 24 years,Women,Jul-12,280000
20 to 24 years,Men,Aug-12,460000
20 to 24 years,Women,Aug-12,296000
20 to 24 years,Men,Sep-12,368000
20 to 24 years,Women,Sep-12,242000
20 to 24 years,Men,Oct-12,348000
20 to 24 years,Women,Oct-12,252000
20 to 24 years,Men,Nov-12,323000
20 to 24 years,Women,Nov-12,269000
20 to 24 years,Men,Dec-12,368000
20 to 24 years,Women,Dec-12,262000
20 to 24 years,Men,Jan-13,436000
20 to 24 years,Women,Jan-13,264000
20 to 24 years,Men,Feb-13,405000
20 to 24 years,Women,Feb-13,256000
20 to 24 years,Men,Mar-13,381000
20 to 24 years,Women,Mar-13,278000
20 to 24 years,Men,Apr-13,363000
20 to 24 years,Women,Apr-13,262000
20 to 24 years,Men,May-13,380000
20 to 24 years,Women,May-13,238000
20 to 24 years,Men,Jun-13,418000
20 to 24 years,Women,Jun-13,253000
20 to 24 years,Men,Jul-13,377000
20 to 24 years,Women,Jul-13,239000
20 to 24 years,Men,Aug-13,393000
20 to 24 years,Women,Aug-13,239000
20 to 24 years,Men,Sep-13,403000
20 to 24 years,Women,Sep-13,211000
20 to 24 years,Men,Oct-13,319000
20 to 24 years,Women,Oct-13,210000
20 to 24 years,Men,Nov-13,289000
20 to 24 years,Women,Nov-13,197000
20 to 24 years,Men,Dec-13,307000
20 to 24 years,Women,Dec-13,217000
20 to 24 years,Men,Jan-14,339000
20 to 24 years,Women,Jan-14,222000
20 to 24 years,Men,Feb-14,366000
20 to 24 years,Women,Feb-14,184000
20 to 24 years,Men,Mar-14,378000
20 to 24 years,Women,Mar-14,224000
20 to 24 years,Men,Apr-14,325000
20 to 24 years,Women,Apr-14,165000
20 to 24 years,Men,May-14,302000
20 to 24 years,Women,May-14,141000
20 to 24 years,Men,Jun-14,285000
20 to 24 years,Women,Jun-14,130000
20 to 24 years,Men,Jul-14,277000
20 to 24 years,Women,Jul-14,140000
20 to 24 years,Men,Aug-14,254000
20 to 24 years,Women,Aug-14,136000
20 to 24 years,Men,Sep-14,266000
20 to 24 years,Women,Sep-14,116000
20 to 24 years,Men,Oct-14,241000
20 to 24 years,Women,Oct-14,197000
20 to 24 years,Men,Nov-14,226000
20 to 24 years,Women,Nov-14,174000
20 to 24 years,Men,Dec-14,201000
20 to 24 years,Women,Dec-14,182000
20 to 24 years,Men,Jan-15,241000
20 to 24 years,Women,Jan-15,143000
20 to 24 years,Men,Feb-15,255000
20 to 24 years,Women,Feb-15,141000
25 to 34 years,Men,Jan-05,194000
25 to 34 years,Women,Jan-05,142000
25 to 34 years,Men,Feb-05,176000
25 to 34 years,Women,Feb-05,119000
25 to 34 years,Men,Mar-05,195000
25 to 34 years,Women,Mar-05,102000
25 to 34 years,Men,Apr-05,191000
25 to 34 years,Women,Apr-05,151000
25 to 34 years,Men,May-05,183000
25 to 34 years,Women,May-05,149000
25 to 34 years,Men,Jun-05,162000
25 to 34 years,Women,Jun-05,114000
25 to 34 years,Men,Jul-05,139000
25 to 34 years,Women,Jul-05,156000
25 to 34 years,Men,Aug-05,141000
25 to 34 years,Women,Aug-05,151000
25 to 34 years,Men,Sep-05,161000
25 to 34 years,Women,Sep-05,163000
25 to 34 years,Men,Oct-05,152000
25 to 34 years,Women,Oct-05,150000
25 to 34 years,Men,Nov-05,137000
25 to 34 years,Women,Nov-05,140000
25 to 34 years,Men,Dec-05,164000
25 to 34 years,Women,Dec-05,131000
25 to 34 years,Men,Jan-06,141000
25 to 34 years,Women,Jan-06,92000
25 to 34 years,Men,Feb-06,190000
25 to 34 years,Women,Feb-06,132000
25 to 34 years,Men,Mar-06,134000
25 to 34 years,Women,Mar-06,137000
25 to 34 years,Men,Apr-06,155000
25 to 34 years,Women,Apr-06,135000
25 to 34 years,Men,May-06,137000
25 to 34 years,Women,May-06,146000
25 to 34 years,Men,Jun-06,134000
25 to 34 years,Women,Jun-06,123000
25 to 34 years,Men,Jul-06,133000
25 to 34 years,Women,Jul-06,115000
25 to 34 years,Men,Aug-06,114000
25 to 34 years,Women,Aug-06,102000
25 to 34 years,Men,Sep-06,113000
25 to 34 years,Women,Sep-06,120000
25 to 34 years,Men,Oct-06,118000
25 to 34 years,Women,Oct-06,85000
25 to 34 years,Men,Nov-06,129000
25 to 34 years,Women,Nov-06,77000
25 to 34 years,Men,Dec-06,102000
25 to 34 years,Women,Dec-06,95000
25 to 34 years,Men,Jan-07,138000
25 to 34 years,Women,Jan-07,126000
25 to 34 years,Men,Feb-07,153000
25 to 34 years,Women,Feb-07,127000
25 to 34 years,Men,Mar-07,168000
25 to 34 years,Women,Mar-07,135000
25 to 34 years,Men,Apr-07,191000
25 to 34 years,Women,Apr-07,138000
25 to 34 years,Men,May-07,172000
25 to 34 years,Women,May-07,119000
25 to 34 years,Men,Jun-07,140000
25 to 34 years,Women,Jun-07,94000
25 to 34 years,Men,Jul-07,112000
25 to 34 years,Women,Jul-07,128000
25 to 34 years,Men,Aug-07,119000
25 to 34 years,Women,Aug-07,125000
25 to 34 years,Men,Sep-07,140000
25 to 34 years,Women,Sep-07,115000
25 to 34 years,Men,Oct-07,100000
25 to 34 years,Women,Oct-07,104000
25 to 34 years,Men,Nov-07,149000
25 to 34 years,Women,Nov-07,129000
25 to 34 years,Men,Dec-07,147000
25 to 34 years,Women,Dec-07,108000
25 to 34 years,Men,Jan-08,169000
25 to 34 years,Women,Jan-08,93000
25 to 34 years,Men,Feb-08,121000
25 to 34 years,Women,Feb-08,107000
25 to 34 years,Men,Mar-08,145000
25 to 34 years,Women,Mar-08,124000
25 to 34 years,Men,Apr-08,165000
25 to 34 years,Women,Apr-08,137000
25 to 34 years,Men,May-08,180000
25 to 34 years,Women,May-08,148000
25 to 34 years,Men,Jun-08,210000
25 to 34 years,Women,Jun-08,132000
25 to 34 years,Men,Jul-08,193000
25 to 34 years,Women,Jul-08,163000
25 to 34 years,Men,Aug-08,222000
25 to 34 years,Women,Aug-08,204000
25 to 34 years,Men,Sep-08,249000
25 to 34 years,Women,Sep-08,177000
25 to 34 years,Men,Oct-08,281000
25 to 34 years,Women,Oct-08,222000
25 to 34 years,Men,Nov-08,316000
25 to 34 years,Women,Nov-08,202000
25 to 34 years,Men,Dec-08,323000
25 to 34 years,Women,Dec-08,165000
25 to 34 years,Men,Jan-09,331000
25 to 34 years,Women,Jan-09,209000
25 to 34 years,Men,Feb-09,363000
25 to 34 years,Women,Feb-09,209000
25 to 34 years,Men,Mar-09,406000
25 to 34 years,Women,Mar-09,242000
25 to 34 years,Men,Apr-09,506000
25 to 34 years,Women,Apr-09,318000
25 to 34 years,Men,May-09,537000
25 to 34 years,Women,May-09,377000
25 to 34 years,Men,Jun-09,553000
25 to 34 years,Women,Jun-09,382000
25 to 34 years,Men,Jul-09,730000
25 to 34 years,Women,Jul-09,480000
25 to 34 years,Men,Aug-09,734000
25 to 34 years,Women,Aug-09,492000
25 to 34 years,Men,Sep-09,764000
25 to 34 years,Women,Sep-09,510000
25 to 34 years,Men,Oct-09,738000
25 to 34 years,Women,Oct-09,550000
25 to 34 years,Men,Nov-09,787000
25 to 34 years,Women,Nov-09,481000
25 to 34 years,Men,Dec-09,810000
25 to 34 years,Women,Dec-09,463000
25 to 34 years,Men,Jan-10,913000
25 to 34 years,Women,Jan-10,535000
25 to 34 years,Men,Feb-10,951000
25 to 34 years,Women,Feb-10,455000
25 to 34 years,Men,Mar-10,999000
25 to 34 years,Women,Mar-10,522000
25 to 34 years,Men,Apr-10,956000
25 to 34 years,Women,Apr-10,608000
25 to 34 years,Men,May-10,"1,011,000"
25 to 34 years,Women,May-10,631000
25 to 34 years,Men,Jun-10,931000
25 to 34 years,Women,Jun-10,578000
25 to 34 years,Men,Jul-10,814000
25 to 34 years,Women,Jul-10,630000
25 to 34 years,Men,Aug-10,789000
25 to 34 years,Women,Aug-10,579000
25 to 34 years,Men,Sep-10,815000
25 to 34 years,Women,Sep-10,615000
25 to 34 years,Men,Oct-10,718000
25 to 34 years,Women,Oct-10,601000
25 to 34 years,Men,Nov-10,739000
25 to 34 years,Women,Nov-10,578000
25 to 34 years,Men,Dec-10,750000
25 to 34 years,Women,Dec-10,576000
25 to 34 years,Men,Jan-11,803000
25 to 34 years,Women,Jan-11,525000
25 to 34 years,Men,Feb-11,812000
25 to 34 years,Women,Feb-11,542000
25 to 34 years,Men,Mar-11,849000
25 to 34 years,Women,Mar-11,514000
25 to 34 years,Men,Apr-11,866000
25 to 34 years,Women,Apr-11,571000
25 to 34 years,Men,May-11,857000
25 to 34 years,Women,May-11,559000
25 to 34 years,Men,Jun-11,749000
25 to 34 years,Women,Jun-11,599000
25 to 34 years,Men,Jul-11,761000
25 to 34 years,Women,Jul-11,688000
25 to 34 years,Men,Aug-11,682000
25 to 34 years,Women,Aug-11,645000
25 to 34 years,Men,Sep-11,727000
25 to 34 years,Women,Sep-11,713000
25 to 34 years,Men,Oct-11,682000
25 to 34 years,Women,Oct-11,670000
25 to 34 years,Men,Nov-11,649000
25 to 34 years,Women,Nov-11,596000
25 to 34 years,Men,Dec-11,699000
25 to 34 years,Women,Dec-11,580000
25 to 34 years,Men,Jan-12,690000
25 to 34 years,Women,Jan-12,559000
25 to 34 years,Men,Feb-12,626000
25 to 34 years,Women,Feb-12,522000
25 to 34 years,Men,Mar-12,716000
25 to 34 years,Women,Mar-12,481000
25 to 34 years,Men,Apr-12,645000
25 to 34 years,Women,Apr-12,523000
25 to 34 years,Men,May-12,606000
25 to 34 years,Women,May-12,548000
25 to 34 years,Men,Jun-12,581000
25 to 34 years,Women,Jun-12,553000
25 to 34 years,Men,Jul-12,536000
25 to 34 years,Women,Jul-12,526000
25 to 34 years,Men,Aug-12,504000
25 to 34 years,Women,Aug-12,481000
25 to 34 years,Men,Sep-12,560000
25 to 34 years,Women,Sep-12,516000
25 to 34 years,Men,Oct-12,617000
25 to 34 years,Women,Oct-12,521000
25 to 34 years,Men,Nov-12,538000
25 to 34 years,Women,Nov-12,482000
25 to 34 years,Men,Dec-12,526000
25 to 34 years,Women,Dec-12,444000
25 to 34 years,Men,Jan-13,528000
25 to 34 years,Women,Jan-13,436000
25 to 34 years,Men,Feb-13,561000
25 to 34 years,Women,Feb-13,431000
25 to 34 years,Men,Mar-13,511000
25 to 34 years,Women,Mar-13,414000
25 to 34 years,Men,Apr-13,544000
25 to 34 years,Women,Apr-13,413000
25 to 34 years,Men,May-13,478000
25 to 34 years,Women,May-13,386000
25 to 34 years,Men,Jun-13,488000
25 to 34 years,Women,Jun-13,427000
25 to 34 years,Men,Jul-13,492000
25 to 34 years,Women,Jul-13,507000
25 to 34 years,Men,Aug-13,594000
25 to 34 years,Women,Aug-13,458000
25 to 34 years,Men,Sep-13,479000
25 to 34 years,Women,Sep-13,421000
25 to 34 years,Men,Oct-13,437000
25 to 34 years,Women,Oct-13,445000
25 to 34 years,Men,Nov-13,549000
25 to 34 years,Women,Nov-13,435000
25 to 34 years,Men,Dec-13,514000
25 to 34 years,Women,Dec-13,370000
25 to 34 years,Men,Jan-14,493000
25 to 34 years,Women,Jan-14,292000
25 to 34 years,Men,Feb-14,488000
25 to 34 years,Women,Feb-14,393000
25 to 34 years,Men,Mar-14,418000
25 to 34 years,Women,Mar-14,404000
25 to 34 years,Men,Apr-14,456000
25 to 34 years,Women,Apr-14,357000
25 to 34 years,Men,May-14,496000
25 to 34 years,Women,May-14,372000
25 to 34 years,Men,Jun-14,386000
25 to 34 years,Women,Jun-14,339000
25 to 34 years,Men,Jul-14,413000
25 to 34 years,Women,Jul-14,348000
25 to 34 years,Men,Aug-14,342000
25 to 34 years,Women,Aug-14,354000
25 to 34 years,Men,Sep-14,350000
25 to 34 years,Women,Sep-14,350000
25 to 34 years,Men,Oct-14,313000
25 to 34 years,Women,Oct-14,334000
25 to 34 years,Men,Nov-14,282000
25 to 34 years,Women,Nov-14,297000
25 to 34 years,Men,Dec-14,357000
25 to 34 years,Women,Dec-14,284000
25 to 34 years,Men,Jan-15,362000
25 to 34 years,Women,Jan-15,302000
25 to 34 years,Men,Feb-15,319000
25 to 34 years,Women,Feb-15,294000
35 to 44 years,Men,Jan-05,201000
35 to 44 years,Women,Jan-05,180000
35 to 44 years,Men,Feb-05,184000
35 to 44 years,Women,Feb-05,170000
35 to 44 years,Men,Mar-05,211000
35 to 44 years,Women,Mar-05,141000
35 to 44 years,Men,Apr-05,206000
35 to 44 years,Women,Apr-05,172000
35 to 44 years,Men,May-05,173000
35 to 44 years,Women,May-05,144000
35 to 44 years,Men,Jun-05,146000
35 to 44 years,Women,Jun-05,114000
35 to 44 years,Men,Jul-05,164000
35 to 44 years,Women,Jul-05,115000
35 to 44 years,Men,Aug-05,157000
35 to 44 years,Women,Aug-05,137000
35 to 44 years,Men,Sep-05,152000
35 to 44 years,Women,Sep-05,149000
35 to 44 years,Men,Oct-05,137000
35 to 44 years,Women,Oct-05,156000
35 to 44 years,Men,Nov-05,151000
35 to 44 years,Women,Nov-05,129000
35 to 44 years,Men,Dec-05,150000
35 to 44 years,Women,Dec-05,112000
35 to 44 years,Men,Jan-06,105000
35 to 44 years,Women,Jan-06,134000
35 to 44 years,Men,Feb-06,123000
35 to 44 years,Women,Feb-06,150000
35 to 44 years,Men,Mar-06,171000
35 to 44 years,Women,Mar-06,138000
35 to 44 years,Men,Apr-06,140000
35 to 44 years,Women,Apr-06,157000
35 to 44 years,Men,May-06,158000
35 to 44 years,Women,May-06,148000
35 to 44 years,Men,Jun-06,127000
35 to 44 years,Women,Jun-06,110000
35 to 44 years,Men,Jul-06,163000
35 to 44 years,Women,Jul-06,133000
35 to 44 years,Men,Aug-06,159000
35 to 44 years,Women,Aug-06,122000
35 to 44 years,Men,Sep-06,153000
35 to 44 years,Women,Sep-06,122000
35 to 44 years,Men,Oct-06,100000
35 to 44 years,Women,Oct-06,94000
35 to 44 years,Men,Nov-06,107000
35 to 44 years,Women,Nov-06,108000
35 to 44 years,Men,Dec-06,82000
35 to 44 years,Women,Dec-06,96000
35 to 44 years,Men,Jan-07,120000
35 to 44 years,Women,Jan-07,114000
35 to 44 years,Men,Feb-07,123000
35 to 44 years,Women,Feb-07,124000
35 to 44 years,Men,Mar-07,137000
35 to 44 years,Women,Mar-07,102000
35 to 44 years,Men,Apr-07,101000
35 to 44 years,Women,Apr-07,94000
35 to 44 years,Men,May-07,87000
35 to 44 years,Women,May-07,97000
35 to 44 years,Men,Jun-07,106000
35 to 44 years,Women,Jun-07,98000
35 to 44 years,Men,Jul-07,136000
35 to 44 years,Women,Jul-07,150000
35 to 44 years,Men,Aug-07,121000
35 to 44 years,Women,Aug-07,112000
35 to 44 years,Men,Sep-07,139000
35 to 44 years,Women,Sep-07,126000
35 to 44 years,Men,Oct-07,119000
35 to 44 years,Women,Oct-07,156000
35 to 44 years,Men,Nov-07,142000
35 to 44 years,Women,Nov-07,140000
35 to 44 years,Men,Dec-07,132000
35 to 44 years,Women,Dec-07,133000
35 to 44 years,Men,Jan-08,155000
35 to 44 years,Women,Jan-08,126000
35 to 44 years,Men,Feb-08,151000
35 to 44 years,Women,Feb-08,97000
35 to 44 years,Men,Mar-08,154000
35 to 44 years,Women,Mar-08,101000
35 to 44 years,Men,Apr-08,175000
35 to 44 years,Women,Apr-08,85000
35 to 44 years,Men,May-08,143000
35 to 44 years,Women,May-08,118000
35 to 44 years,Men,Jun-08,158000
35 to 44 years,Women,Jun-08,118000
35 to 44 years,Men,Jul-08,201000
35 to 44 years,Women,Jul-08,147000
35 to 44 years,Men,Aug-08,208000
35 to 44 years,Women,Aug-08,166000
35 to 44 years,Men,Sep-08,235000
35 to 44 years,Women,Sep-08,146000
35 to 44 years,Men,Oct-08,250000
35 to 44 years,Women,Oct-08,192000
35 to 44 years,Men,Nov-08,206000
35 to 44 years,Women,Nov-08,203000
35 to 44 years,Men,Dec-08,253000
35 to 44 years,Women,Dec-08,222000
35 to 44 years,Men,Jan-09,279000
35 to 44 years,Women,Jan-09,272000
35 to 44 years,Men,Feb-09,311000
35 to 44 years,Women,Feb-09,293000
35 to 44 years,Men,Mar-09,399000
35 to 44 years,Women,Mar-09,279000
35 to 44 years,Men,Apr-09,485000
35 to 44 years,Women,Apr-09,302000
35 to 44 years,Men,May-09,450000
35 to 44 years,Women,May-09,297000
35 to 44 years,Men,Jun-09,495000
35 to 44 years,Women,Jun-09,355000
35 to 44 years,Men,Jul-09,551000
35 to 44 years,Women,Jul-09,409000
35 to 44 years,Men,Aug-09,574000
35 to 44 years,Women,Aug-09,430000
35 to 44 years,Men,Sep-09,635000
35 to 44 years,Women,Sep-09,508000
35 to 44 years,Men,Oct-09,647000
35 to 44 years,Women,Oct-09,474000
35 to 44 years,Men,Nov-09,668000
35 to 44 years,Women,Nov-09,497000
35 to 44 years,Men,Dec-09,699000
35 to 44 years,Women,Dec-09,492000
35 to 44 years,Men,Jan-10,733000
35 to 44 years,Women,Jan-10,483000
35 to 44 years,Men,Feb-10,828000
35 to 44 years,Women,Feb-10,471000
35 to 44 years,Men,Mar-10,757000
35 to 44 years,Women,Mar-10,565000
35 to 44 years,Men,Apr-10,807000
35 to 44 years,Women,Apr-10,578000
35 to 44 years,Men,May-10,704000
35 to 44 years,Women,May-10,550000
35 to 44 years,Men,Jun-10,699000
35 to 44 years,Women,Jun-10,538000
35 to 44 years,Men,Jul-10,635000
35 to 44 years,Women,Jul-10,568000
35 to 44 years,Men,Aug-10,707000
35 to 44 years,Women,Aug-10,547000
35 to 44 years,Men,Sep-10,743000
35 to 44 years,Women,Sep-10,546000
35 to 44 years,Men,Oct-10,698000
35 to 44 years,Women,Oct-10,485000
35 to 44 years,Men,Nov-10,699000
35 to 44 years,Women,Nov-10,529000
35 to 44 years,Men,Dec-10,693000
35 to 44 years,Women,Dec-10,557000
35 to 44 years,Men,Jan-11,704000
35 to 44 years,Women,Jan-11,530000
35 to 44 years,Men,Feb-11,648000
35 to 44 years,Women,Feb-11,520000
35 to 44 years,Men,Mar-11,709000
35 to 44 years,Women,Mar-11,514000
35 to 44 years,Men,Apr-11,641000
35 to 44 years,Women,Apr-11,505000
35 to 44 years,Men,May-11,602000
35 to 44 years,Women,May-11,485000
35 to 44 years,Men,Jun-11,693000
35 to 44 years,Women,Jun-11,528000
35 to 44 years,Men,Jul-11,600000
35 to 44 years,Women,Jul-11,543000
35 to 44 years,Men,Aug-11,665000
35 to 44 years,Women,Aug-11,541000
35 to 44 years,Men,Sep-11,649000
35 to 44 years,Women,Sep-11,503000
35 to 44 years,Men,Oct-11,597000
35 to 44 years,Women,Oct-11,436000
35 to 44 years,Men,Nov-11,560000
35 to 44 years,Women,Nov-11,460000
35 to 44 years,Men,Dec-11,581000
35 to 44 years,Women,Dec-11,467000
35 to 44 years,Men,Jan-12,551000
35 to 44 years,Women,Jan-12,551000
35 to 44 years,Men,Feb-12,478000
35 to 44 years,Women,Feb-12,502000
35 to 44 years,Men,Mar-12,512000
35 to 44 years,Women,Mar-12,414000
35 to 44 years,Men,Apr-12,548000
35 to 44 years,Women,Apr-12,391000
35 to 44 years,Men,May-12,532000
35 to 44 years,Women,May-12,516000
35 to 44 years,Men,Jun-12,531000
35 to 44 years,Women,Jun-12,490000
35 to 44 years,Men,Jul-12,534000
35 to 44 years,Women,Jul-12,490000
35 to 44 years,Men,Aug-12,471000
35 to 44 years,Women,Aug-12,474000
35 to 44 years,Men,Sep-12,458000
35 to 44 years,Women,Sep-12,419000
35 to 44 years,Men,Oct-12,493000
35 to 44 years,Women,Oct-12,417000
35 to 44 years,Men,Nov-12,490000
35 to 44 years,Women,Nov-12,369000
35 to 44 years,Men,Dec-12,476000
35 to 44 years,Women,Dec-12,451000
35 to 44 years,Men,Jan-13,479000
35 to 44 years,Women,Jan-13,464000
35 to 44 years,Men,Feb-13,471000
35 to 44 years,Women,Feb-13,462000
35 to 44 years,Men,Mar-13,500000
35 to 44 years,Women,Mar-13,398000
35 to 44 years,Men,Apr-13,421000
35 to 44 years,Women,Apr-13,341000
35 to 44 years,Men,May-13,426000
35 to 44 years,Women,May-13,381000
35 to 44 years,Men,Jun-13,366000
35 to 44 years,Women,Jun-13,372000
35 to 44 years,Men,Jul-13,421000
35 to 44 years,Women,Jul-13,400000
35 to 44 years,Men,Aug-13,462000
35 to 44 years,Women,Aug-13,348000
35 to 44 years,Men,Sep-13,454000
35 to 44 years,Women,Sep-13,307000
35 to 44 years,Men,Oct-13,410000
35 to 44 years,Women,Oct-13,303000
35 to 44 years,Men,Nov-13,411000
35 to 44 years,Women,Nov-13,305000
35 to 44 years,Men,Dec-13,409000
35 to 44 years,Women,Dec-13,290000
35 to 44 years,Men,Jan-14,363000
35 to 44 years,Women,Jan-14,304000
35 to 44 years,Men,Feb-14,380000
35 to 44 years,Women,Feb-14,317000
35 to 44 years,Men,Mar-14,351000
35 to 44 years,Women,Mar-14,316000
35 to 44 years,Men,Apr-14,313000
35 to 44 years,Women,Apr-14,273000
35 to 44 years,Men,May-14,311000
35 to 44 years,Women,May-14,278000
35 to 44 years,Men,Jun-14,268000
35 to 44 years,Women,Jun-14,250000
35 to 44 years,Men,Jul-14,312000
35 to 44 years,Women,Jul-14,280000
35 to 44 years,Men,Aug-14,288000
35 to 44 years,Women,Aug-14,250000
35 to 44 years,Men,Sep-14,228000
35 to 44 years,Women,Sep-14,294000
35 to 44 years,Men,Oct-14,240000
35 to 44 years,Women,Oct-14,234000
35 to 44 years,Men,Nov-14,257000
35 to 44 years,Women,Nov-14,225000
35 to 44 years,Men,Dec-14,205000
35 to 44 years,Women,Dec-14,226000
35 to 44 years,Men,Jan-15,282000
35 to 44 years,Women,Jan-15,240000
35 to 44 years,Men,Feb-15,270000
35 to 44 years,Women,Feb-15,235000
45 to 54 years,Men,Jan-05,207000
45 to 54 years,Women,Jan-05,157000
45 to 54 years,Men,Feb-05,186000
45 to 54 years,Women,Feb-05,173000
45 to 54 years,Men,Mar-05,223000
45 to 54 years,Women,Mar-05,152000
45 to 54 years,Men,Apr-05,181000
45 to 54 years,Women,Apr-05,160000
45 to 54 years,Men,May-05,159000
45 to 54 years,Women,May-05,178000
45 to 54 years,Men,Jun-05,171000
45 to 54 years,Women,Jun-05,150000
45 to 54 years,Men,Jul-05,181000
45 to 54 years,Women,Jul-05,123000
45 to 54 years,Men,Aug-05,163000
45 to 54 years,Women,Aug-05,130000
45 to 54 years,Men,Sep-05,146000
45 to 54 years,Women,Sep-05,152000
45 to 54 years,Men,Oct-05,195000
45 to 54 years,Women,Oct-05,120000
45 to 54 years,Men,Nov-05,197000
45 to 54 years,Women,Nov-05,131000
45 to 54 years,Men,Dec-05,190000
45 to 54 years,Women,Dec-05,116000
45 to 54 years,Men,Jan-06,162000
45 to 54 years,Women,Jan-06,110000
45 to 54 years,Men,Feb-06,182000
45 to 54 years,Women,Feb-06,124000
45 to 54 years,Men,Mar-06,163000
45 to 54 years,Women,Mar-06,119000
45 to 54 years,Men,Apr-06,141000
45 to 54 years,Women,Apr-06,98000
45 to 54 years,Men,May-06,178000
45 to 54 years,Women,May-06,100000
45 to 54 years,Men,Jun-06,124000
45 to 54 years,Women,Jun-06,92000
45 to 54 years,Men,Jul-06,138000
45 to 54 years,Women,Jul-06,84000
45 to 54 years,Men,Aug-06,154000
45 to 54 years,Women,Aug-06,134000
45 to 54 years,Men,Sep-06,120000
45 to 54 years,Women,Sep-06,125000
45 to 54 years,Men,Oct-06,81000
45 to 54 years,Women,Oct-06,118000
45 to 54 years,Men,Nov-06,102000
45 to 54 years,Women,Nov-06,121000
45 to 54 years,Men,Dec-06,130000
45 to 54 years,Women,Dec-06,101000
45 to 54 years,Men,Jan-07,108000
45 to 54 years,Women,Jan-07,137000
45 to 54 years,Men,Feb-07,148000
45 to 54 years,Women,Feb-07,125000
45 to 54 years,Men,Mar-07,189000
45 to 54 years,Women,Mar-07,113000
45 to 54 years,Men,Apr-07,161000
45 to 54 years,Women,Apr-07,122000
45 to 54 years,Men,May-07,133000
45 to 54 years,Women,May-07,107000
45 to 54 years,Men,Jun-07,141000
45 to 54 years,Women,Jun-07,100000
45 to 54 years,Men,Jul-07,148000
45 to 54 years,Women,Jul-07,118000
45 to 54 years,Men,Aug-07,147000
45 to 54 years,Women,Aug-07,125000
45 to 54 years,Men,Sep-07,129000
45 to 54 years,Women,Sep-07,127000
45 to 54 years,Men,Oct-07,144000
45 to 54 years,Women,Oct-07,146000
45 to 54 years,Men,Nov-07,128000
45 to 54 years,Women,Nov-07,146000
45 to 54 years,Men,Dec-07,149000
45 to 54 years,Women,Dec-07,124000
45 to 54 years,Men,Jan-08,145000
45 to 54 years,Women,Jan-08,153000
45 to 54 years,Men,Feb-08,164000
45 to 54 years,Women,Feb-08,130000
45 to 54 years,Men,Mar-08,201000
45 to 54 years,Women,Mar-08,113000
45 to 54 years,Men,Apr-08,203000
45 to 54 years,Women,Apr-08,154000
45 to 54 years,Men,May-08,183000
45 to 54 years,Women,May-08,183000
45 to 54 years,Men,Jun-08,173000
45 to 54 years,Women,Jun-08,168000
45 to 54 years,Men,Jul-08,196000
45 to 54 years,Women,Jul-08,197000
45 to 54 years,Men,Aug-08,206000
45 to 54 years,Women,Aug-08,209000
45 to 54 years,Men,Sep-08,212000
45 to 54 years,Women,Sep-08,231000
45 to 54 years,Men,Oct-08,217000
45 to 54 years,Women,Oct-08,243000
45 to 54 years,Men,Nov-08,253000
45 to 54 years,Women,Nov-08,189000
45 to 54 years,Men,Dec-08,318000
45 to 54 years,Women,Dec-08,246000
45 to 54 years,Men,Jan-09,372000
45 to 54 years,Women,Jan-09,223000
45 to 54 years,Men,Feb-09,438000
45 to 54 years,Women,Feb-09,241000
45 to 54 years,Men,Mar-09,461000
45 to 54 years,Women,Mar-09,282000
45 to 54 years,Men,Apr-09,489000
45 to 54 years,Women,Apr-09,325000
45 to 54 years,Men,May-09,479000
45 to 54 years,Women,May-09,327000
45 to 54 years,Men,Jun-09,488000
45 to 54 years,Women,Jun-09,354000
45 to 54 years,Men,Jul-09,552000
45 to 54 years,Women,Jul-09,393000
45 to 54 years,Men,Aug-09,626000
45 to 54 years,Women,Aug-09,464000
45 to 54 years,Men,Sep-09,698000
45 to 54 years,Women,Sep-09,498000
45 to 54 years,Men,Oct-09,730000
45 to 54 years,Women,Oct-09,510000
45 to 54 years,Men,Nov-09,816000
45 to 54 years,Women,Nov-09,513000
45 to 54 years,Men,Dec-09,848000
45 to 54 years,Women,Dec-09,535000
45 to 54 years,Men,Jan-10,897000
45 to 54 years,Women,Jan-10,588000
45 to 54 years,Men,Feb-10,821000
45 to 54 years,Women,Feb-10,544000
45 to 54 years,Men,Mar-10,927000
45 to 54 years,Women,Mar-10,605000
45 to 54 years,Men,Apr-10,931000
45 to 54 years,Women,Apr-10,623000
45 to 54 years,Men,May-10,827000
45 to 54 years,Women,May-10,546000
45 to 54 years,Men,Jun-10,862000
45 to 54 years,Women,Jun-10,528000
45 to 54 years,Men,Jul-10,848000
45 to 54 years,Women,Jul-10,575000
45 to 54 years,Men,Aug-10,833000
45 to 54 years,Women,Aug-10,598000
45 to 54 years,Men,Sep-10,808000
45 to 54 years,Women,Sep-10,538000
45 to 54 years,Men,Oct-10,811000
45 to 54 years,Women,Oct-10,571000
45 to 54 years,Men,Nov-10,879000
45 to 54 years,Women,Nov-10,621000
45 to 54 years,Men,Dec-10,877000
45 to 54 years,Women,Dec-10,577000
45 to 54 years,Men,Jan-11,788000
45 to 54 years,Women,Jan-11,630000
45 to 54 years,Men,Feb-11,752000
45 to 54 years,Women,Feb-11,608000
45 to 54 years,Men,Mar-11,784000
45 to 54 years,Women,Mar-11,589000
45 to 54 years,Men,Apr-11,710000
45 to 54 years,Women,Apr-11,578000
45 to 54 years,Men,May-11,779000
45 to 54 years,Women,May-11,588000
45 to 54 years,Men,Jun-11,685000
45 to 54 years,Women,Jun-11,596000
45 to 54 years,Men,Jul-11,757000
45 to 54 years,Women,Jul-11,596000
45 to 54 years,Men,Aug-11,670000
45 to 54 years,Women,Aug-11,624000
45 to 54 years,Men,Sep-11,717000
45 to 54 years,Women,Sep-11,626000
45 to 54 years,Men,Oct-11,668000
45 to 54 years,Women,Oct-11,550000
45 to 54 years,Men,Nov-11,631000
45 to 54 years,Women,Nov-11,521000
45 to 54 years,Men,Dec-11,575000
45 to 54 years,Women,Dec-11,531000
45 to 54 years,Men,Jan-12,563000
45 to 54 years,Women,Jan-12,536000
45 to 54 years,Men,Feb-12,599000
45 to 54 years,Women,Feb-12,573000
45 to 54 years,Men,Mar-12,579000
45 to 54 years,Women,Mar-12,547000
45 to 54 years,Men,Apr-12,543000
45 to 54 years,Women,Apr-12,554000
45 to 54 years,Men,May-12,590000
45 to 54 years,Women,May-12,507000
45 to 54 years,Men,Jun-12,586000
45 to 54 years,Women,Jun-12,489000
45 to 54 years,Men,Jul-12,574000
45 to 54 years,Women,Jul-12,559000
45 to 54 years,Men,Aug-12,583000
45 to 54 years,Women,Aug-12,545000
45 to 54 years,Men,Sep-12,508000
45 to 54 years,Women,Sep-12,522000
45 to 54 years,Men,Oct-12,562000
45 to 54 years,Women,Oct-12,469000
45 to 54 years,Men,Nov-12,509000
45 to 54 years,Women,Nov-12,450000
45 to 54 years,Men,Dec-12,475000
45 to 54 years,Women,Dec-12,470000
45 to 54 years,Men,Jan-13,477000
45 to 54 years,Women,Jan-13,470000
45 to 54 years,Men,Feb-13,486000
45 to 54 years,Women,Feb-13,479000
45 to 54 years,Men,Mar-13,493000
45 to 54 years,Women,Mar-13,461000
45 to 54 years,Men,Apr-13,504000
45 to 54 years,Women,Apr-13,444000
45 to 54 years,Men,May-13,527000
45 to 54 years,Women,May-13,426000
45 to 54 years,Men,Jun-13,449000
45 to 54 years,Women,Jun-13,398000
45 to 54 years,Men,Jul-13,451000
45 to 54 years,Women,Jul-13,405000
45 to 54 years,Men,Aug-13,417000
45 to 54 years,Women,Aug-13,372000
45 to 54 years,Men,Sep-13,404000
45 to 54 years,Women,Sep-13,363000
45 to 54 years,Men,Oct-13,424000
45 to 54 years,Women,Oct-13,355000
45 to 54 years,Men,Nov-13,399000
45 to 54 years,Women,Nov-13,398000
45 to 54 years,Men,Dec-13,359000
45 to 54 years,Women,Dec-13,357000
45 to 54 years,Men,Jan-14,427000
45 to 54 years,Women,Jan-14,346000
45 to 54 years,Men,Feb-14,458000
45 to 54 years,Women,Feb-14,354000
45 to 54 years,Men,Mar-14,401000
45 to 54 years,Women,Mar-14,332000
45 to 54 years,Men,Apr-14,337000
45 to 54 years,Women,Apr-14,333000
45 to 54 years,Men,May-14,329000
45 to 54 years,Women,May-14,304000
45 to 54 years,Men,Jun-14,278000
45 to 54 years,Women,Jun-14,239000
45 to 54 years,Men,Jul-14,254000
45 to 54 years,Women,Jul-14,293000
45 to 54 years,Men,Aug-14,265000
45 to 54 years,Women,Aug-14,258000
45 to 54 years,Men,Sep-14,275000
45 to 54 years,Women,Sep-14,297000
45 to 54 years,Men,Oct-14,276000
45 to 54 years,Women,Oct-14,278000
45 to 54 years,Men,Nov-14,292000
45 to 54 years,Women,Nov-14,237000
45 to 54 years,Men,Dec-14,285000
45 to 54 years,Women,Dec-14,214000
45 to 54 years,Men,Jan-15,249000
45 to 54 years,Women,Jan-15,297000
45 to 54 years,Men,Feb-15,272000
45 to 54 years,Women,Feb-15,253000
55 to 64 years,Men,Jan-05,101000
55 to 64 years,Women,Jan-05,71000
55 to 64 years,Men,Feb-05,98000
55 to 64 years,Women,Feb-05,94000
55 to 64 years,Men,Mar-05,115000
55 to 64 years,Women,Mar-05,101000
55 to 64 years,Men,Apr-05,93000
55 to 64 years,Women,Apr-05,90000
55 to 64 years,Men,May-05,87000
55 to 64 years,Women,May-05,74000
55 to 64 years,Men,Jun-05,64000
55 to 64 years,Women,Jun-05,58000
55 to 64 years,Men,Jul-05,56000
55 to 64 years,Women,Jul-05,81000
55 to 64 years,Men,Aug-05,82000
55 to 64 years,Women,Aug-05,85000
55 to 64 years,Men,Sep-05,83000
55 to 64 years,Women,Sep-05,80000
55 to 64 years,Men,Oct-05,90000
55 to 64 years,Women,Oct-05,69000
55 to 64 years,Men,Nov-05,82000
55 to 64 years,Women,Nov-05,82000
55 to 64 years,Men,Dec-05,104000
55 to 64 years,Women,Dec-05,73000
55 to 64 years,Men,Jan-06,102000
55 to 64 years,Women,Jan-06,85000
55 to 64 years,Men,Feb-06,95000
55 to 64 years,Women,Feb-06,69000
55 to 64 years,Men,Mar-06,84000
55 to 64 years,Women,Mar-06,60000
55 to 64 years,Men,Apr-06,113000
55 to 64 years,Women,Apr-06,59000
55 to 64 years,Men,May-06,81000
55 to 64 years,Women,May-06,56000
55 to 64 years,Men,Jun-06,85000
55 to 64 years,Women,Jun-06,63000
55 to 64 years,Men,Jul-06,96000
55 to 64 years,Women,Jul-06,83000
55 to 64 years,Men,Aug-06,87000
55 to 64 years,Women,Aug-06,80000
55 to 64 years,Men,Sep-06,97000
55 to 64 years,Women,Sep-06,86000
55 to 64 years,Men,Oct-06,91000
55 to 64 years,Women,Oct-06,74000
55 to 64 years,Men,Nov-06,89000
55 to 64 years,Women,Nov-06,74000
55 to 64 years,Men,Dec-06,95000
55 to 64 years,Women,Dec-06,81000
55 to 64 years,Men,Jan-07,107000
55 to 64 years,Women,Jan-07,72000
55 to 64 years,Men,Feb-07,83000
55 to 64 years,Women,Feb-07,50000
55 to 64 years,Men,Mar-07,95000
55 to 64 years,Women,Mar-07,56000
55 to 64 years,Men,Apr-07,86000
55 to 64 years,Women,Apr-07,53000
55 to 64 years,Men,May-07,82000
55 to 64 years,Women,May-07,60000
55 to 64 years,Men,Jun-07,81000
55 to 64 years,Women,Jun-07,52000
55 to 64 years,Men,Jul-07,93000
55 to 64 years,Women,Jul-07,63000
55 to 64 years,Men,Aug-07,110000
55 to 64 years,Women,Aug-07,50000
55 to 64 years,Men,Sep-07,105000
55 to 64 years,Women,Sep-07,53000
55 to 64 years,Men,Oct-07,95000
55 to 64 years,Women,Oct-07,85000
55 to 64 years,Men,Nov-07,88000
55 to 64 years,Women,Nov-07,86000
55 to 64 years,Men,Dec-07,83000
55 to 64 years,Women,Dec-07,63000
55 to 64 years,Men,Jan-08,75000
55 to 64 years,Women,Jan-08,88000
55 to 64 years,Men,Feb-08,95000
55 to 64 years,Women,Feb-08,103000
55 to 64 years,Men,Mar-08,78000
55 to 64 years,Women,Mar-08,75000
55 to 64 years,Men,Apr-08,67000
55 to 64 years,Women,Apr-08,72000
55 to 64 years,Men,May-08,94000
55 to 64 years,Women,May-08,76000
55 to 64 years,Men,Jun-08,99000
55 to 64 years,Women,Jun-08,66000
55 to 64 years,Men,Jul-08,70000
55 to 64 years,Women,Jul-08,78000
55 to 64 years,Men,Aug-08,103000
55 to 64 years,Women,Aug-08,99000
55 to 64 years,Men,Sep-08,126000
55 to 64 years,Women,Sep-08,112000
55 to 64 years,Men,Oct-08,158000
55 to 64 years,Women,Oct-08,132000
55 to 64 years,Men,Nov-08,171000
55 to 64 years,Women,Nov-08,156000
55 to 64 years,Men,Dec-08,173000
55 to 64 years,Women,Dec-08,174000
55 to 64 years,Men,Jan-09,179000
55 to 64 years,Women,Jan-09,186000
55 to 64 years,Men,Feb-09,196000
55 to 64 years,Women,Feb-09,149000
55 to 64 years,Men,Mar-09,239000
55 to 64 years,Women,Mar-09,180000
55 to 64 years,Men,Apr-09,269000
55 to 64 years,Women,Apr-09,205000
55 to 64 years,Men,May-09,282000
55 to 64 years,Women,May-09,214000
55 to 64 years,Men,Jun-09,361000
55 to 64 years,Women,Jun-09,231000
55 to 64 years,Men,Jul-09,378000
55 to 64 years,Women,Jul-09,261000
55 to 64 years,Men,Aug-09,379000
55 to 64 years,Women,Aug-09,294000
55 to 64 years,Men,Sep-09,376000
55 to 64 years,Women,Sep-09,286000
55 to 64 years,Men,Oct-09,390000
55 to 64 years,Women,Oct-09,309000
55 to 64 years,Men,Nov-09,468000
55 to 64 years,Women,Nov-09,347000
55 to 64 years,Men,Dec-09,471000
55 to 64 years,Women,Dec-09,335000
55 to 64 years,Men,Jan-10,549000
55 to 64 years,Women,Jan-10,347000
55 to 64 years,Men,Feb-10,546000
55 to 64 years,Women,Feb-10,344000
55 to 64 years,Men,Mar-10,536000
55 to 64 years,Women,Mar-10,323000
55 to 64 years,Men,Apr-10,544000
55 to 64 years,Women,Apr-10,364000
55 to 64 years,Men,May-10,553000
55 to 64 years,Women,May-10,403000
55 to 64 years,Men,Jun-10,485000
55 to 64 years,Women,Jun-10,399000
55 to 64 years,Men,Jul-10,526000
55 to 64 years,Women,Jul-10,390000
55 to 64 years,Men,Aug-10,516000
55 to 64 years,Women,Aug-10,385000
55 to 64 years,Men,Sep-10,489000
55 to 64 years,Women,Sep-10,408000
55 to 64 years,Men,Oct-10,530000
55 to 64 years,Women,Oct-10,374000
55 to 64 years,Men,Nov-10,539000
55 to 64 years,Women,Nov-10,394000
55 to 64 years,Men,Dec-10,476000
55 to 64 years,Women,Dec-10,378000
55 to 64 years,Men,Jan-11,509000
55 to 64 years,Women,Jan-11,355000
55 to 64 years,Men,Feb-11,503000
55 to 64 years,Women,Feb-11,318000
55 to 64 years,Men,Mar-11,533000
55 to 64 years,Women,Mar-11,362000
55 to 64 years,Men,Apr-11,491000
55 to 64 years,Women,Apr-11,355000
55 to 64 years,Men,May-11,496000
55 to 64 years,Women,May-11,382000
55 to 64 years,Men,Jun-11,505000
55 to 64 years,Women,Jun-11,388000
55 to 64 years,Men,Jul-11,524000
55 to 64 years,Women,Jul-11,403000
55 to 64 years,Men,Aug-11,468000
55 to 64 years,Women,Aug-11,422000
55 to 64 years,Men,Sep-11,495000
55 to 64 years,Women,Sep-11,445000
55 to 64 years,Men,Oct-11,492000
55 to 64 years,Women,Oct-11,416000
55 to 64 years,Men,Nov-11,471000
55 to 64 years,Women,Nov-11,387000
55 to 64 years,Men,Dec-11,404000
55 to 64 years,Women,Dec-11,349000
55 to 64 years,Men,Jan-12,480000
55 to 64 years,Women,Jan-12,377000
55 to 64 years,Men,Feb-12,428000
55 to 64 years,Women,Feb-12,362000
55 to 64 years,Men,Mar-12,495000
55 to 64 years,Women,Mar-12,389000
55 to 64 years,Men,Apr-12,456000
55 to 64 years,Women,Apr-12,370000
55 to 64 years,Men,May-12,467000
55 to 64 years,Women,May-12,336000
55 to 64 years,Men,Jun-12,410000
55 to 64 years,Women,Jun-12,308000
55 to 64 years,Men,Jul-12,389000
55 to 64 years,Women,Jul-12,359000
55 to 64 years,Men,Aug-12,386000
55 to 64 years,Women,Aug-12,330000
55 to 64 years,Men,Sep-12,412000
55 to 64 years,Women,Sep-12,341000
55 to 64 years,Men,Oct-12,392000
55 to 64 years,Women,Oct-12,343000
55 to 64 years,Men,Nov-12,459000
55 to 64 years,Women,Nov-12,312000
55 to 64 years,Men,Dec-12,404000
55 to 64 years,Women,Dec-12,328000
55 to 64 years,Men,Jan-13,395000
55 to 64 years,Women,Jan-13,339000
55 to 64 years,Men,Feb-13,410000
55 to 64 years,Women,Feb-13,309000
55 to 64 years,Men,Mar-13,421000
55 to 64 years,Women,Mar-13,310000
55 to 64 years,Men,Apr-13,378000
55 to 64 years,Women,Apr-13,299000
55 to 64 years,Men,May-13,376000
55 to 64 years,Women,May-13,297000
55 to 64 years,Men,Jun-13,325000
55 to 64 years,Women,Jun-13,270000
55 to 64 years,Men,Jul-13,353000
55 to 64 years,Women,Jul-13,268000
55 to 64 years,Men,Aug-13,364000
55 to 64 years,Women,Aug-13,290000
55 to 64 years,Men,Sep-13,385000
55 to 64 years,Women,Sep-13,302000
55 to 64 years,Men,Oct-13,363000
55 to 64 years,Women,Oct-13,317000
55 to 64 years,Men,Nov-13,339000
55 to 64 years,Women,Nov-13,272000
55 to 64 years,Men,Dec-13,359000
55 to 64 years,Women,Dec-13,240000
55 to 64 years,Men,Jan-14,318000
55 to 64 years,Women,Jan-14,231000
55 to 64 years,Men,Feb-14,304000
55 to 64 years,Women,Feb-14,244000
55 to 64 years,Men,Mar-14,347000
55 to 64 years,Women,Mar-14,252000
55 to 64 years,Men,Apr-14,284000
55 to 64 years,Women,Apr-14,264000
55 to 64 years,Men,May-14,253000
55 to 64 years,Women,May-14,250000
55 to 64 years,Men,Jun-14,289000
55 to 64 years,Women,Jun-14,203000
55 to 64 years,Men,Jul-14,251000
55 to 64 years,Women,Jul-14,267000
55 to 64 years,Men,Aug-14,215000
55 to 64 years,Women,Aug-14,224000
55 to 64 years,Men,Sep-14,218000
55 to 64 years,Women,Sep-14,191000
55 to 64 years,Men,Oct-14,252000
55 to 64 years,Women,Oct-14,203000
55 to 64 years,Men,Nov-14,242000
55 to 64 years,Women,Nov-14,234000
55 to 64 years,Men,Dec-14,266000
55 to 64 years,Women,Dec-14,173000
55 to 64 years,Men,Jan-15,222000
55 to 64 years,Women,Jan-15,212000
55 to 64 years,Men,Feb-15,229000
55 to 64 years,Women,Feb-15,170000
65 years and over,Men,Jan-05,33000
65 years and over,Women,Jan-05,82000
65 years and over,Men,Feb-05,38000
65 years and over,Women,Feb-05,85000
65 years and over,Men,Mar-05,32000
65 years and over,Women,Mar-05,72000
65 years and over,Men,Apr-05,31000
65 years and over,Women,Apr-05,80000
65 years and over,Men,May-05,22000
65 years and over,Women,May-05,71000
65 years and over,Men,Jun-05,37000
65 years and over,Women,Jun-05,89000
65 years and over,Men,Jul-05,36000
65 years and over,Women,Jul-05,86000
65 years and over,Men,Aug-05,25000
65 years and over,Women,Aug-05,101000
65 years and over,Men,Sep-05,36000
65 years and over,Women,Sep-05,96000
65 years and over,Men,Oct-05,41000
65 years and over,Women,Oct-05,94000
65 years and over,Men,Nov-05,37000
65 years and over,Women,Nov-05,62000
65 years and over,Men,Dec-05,20000
65 years and over,Women,Dec-05,64000
65 years and over,Men,Jan-06,35000
65 years and over,Women,Jan-06,61000
65 years and over,Men,Feb-06,21000
65 years and over,Women,Feb-06,61000
65 years and over,Men,Mar-06,20000
65 years and over,Women,Mar-06,54000
65 years and over,Men,Apr-06,23000
65 years and over,Women,Apr-06,54000
65 years and over,Men,May-06,12000
65 years and over,Women,May-06,43000
65 years and over,Men,Jun-06,13000
65 years and over,Women,Jun-06,68000
65 years and over,Men,Jul-06,9000
65 years and over,Women,Jul-06,86000
65 years and over,Men,Aug-06,21000
65 years and over,Women,Aug-06,110000
65 years and over,Men,Sep-06,10000
65 years and over,Women,Sep-06,111000
65 years and over,Men,Oct-06,29000
65 years and over,Women,Oct-06,83000
65 years and over,Men,Nov-06,28000
65 years and over,Women,Nov-06,92000
65 years and over,Men,Dec-06,18000
65 years and over,Women,Dec-06,32000
65 years and over,Men,Jan-07,16000
65 years and over,Women,Jan-07,81000
65 years and over,Men,Feb-07,29000
65 years and over,Women,Feb-07,55000
65 years and over,Men,Mar-07,28000
65 years and over,Women,Mar-07,68000
65 years and over,Men,Apr-07,20000
65 years and over,Women,Apr-07,64000
65 years and over,Men,May-07,19000
65 years and over,Women,May-07,71000
65 years and over,Men,Jun-07,17000
65 years and over,Women,Jun-07,109000
65 years and over,Men,Jul-07,36000
65 years and over,Women,Jul-07,111000
65 years and over,Men,Aug-07,17000
65 years and over,Women,Aug-07,84000
65 years and over,Men,Sep-07,19000
65 years and over,Women,Sep-07,92000
65 years and over,Men,Oct-07,29000
65 years and over,Women,Oct-07,76000
65 years and over,Men,Nov-07,33000
65 years and over,Women,Nov-07,89000
65 years and over,Men,Dec-07,36000
65 years and over,Women,Dec-07,77000
65 years and over,Men,Jan-08,39000
65 years and over,Women,Jan-08,99000
65 years and over,Men,Feb-08,31000
65 years and over,Women,Feb-08,106000
65 years and over,Men,Mar-08,34000
65 years and over,Women,Mar-08,101000
65 years and over,Men,Apr-08,33000
65 years and over,Women,Apr-08,98000
65 years and over,Men,May-08,27000
65 years and over,Women,May-08,67000
65 years and over,Men,Jun-08,25000
65 years and over,Women,Jun-08,99000
65 years and over,Men,Jul-08,37000
65 years and over,Women,Jul-08,133000
65 years and over,Men,Aug-08,50000
65 years and over,Women,Aug-08,149000
65 years and over,Men,Sep-08,46000
65 years and over,Women,Sep-08,125000
65 years and over,Men,Oct-08,45000
65 years and over,Women,Oct-08,146000
65 years and over,Men,Nov-08,57000
65 years and over,Women,Nov-08,95000
65 years and over,Men,Dec-08,66000
65 years and over,Women,Dec-08,109000
65 years and over,Men,Jan-09,78000
65 years and over,Women,Jan-09,146000
65 years and over,Men,Feb-09,100000
65 years and over,Women,Feb-09,167000
65 years and over,Men,Mar-09,80000
65 years and over,Women,Mar-09,160000
65 years and over,Men,Apr-09,79000
65 years and over,Women,Apr-09,145000
65 years and over,Men,May-09,87000
65 years and over,Women,May-09,171000
65 years and over,Men,Jun-09,107000
65 years and over,Women,Jun-09,197000
65 years and over,Men,Jul-09,109000
65 years and over,Women,Jul-09,210000
65 years and over,Men,Aug-09,105000
65 years and over,Women,Aug-09,196000
65 years and over,Men,Sep-09,119000
65 years and over,Women,Sep-09,210000
65 years and over,Men,Oct-09,102000
65 years and over,Women,Oct-09,188000
65 years and over,Men,Nov-09,115000
65 years and over,Women,Nov-09,184000
65 years and over,Men,Dec-09,123000
65 years and over,Women,Dec-09,186000
65 years and over,Men,Jan-10,136000
65 years and over,Women,Jan-10,195000
65 years and over,Men,Feb-10,144000
65 years and over,Women,Feb-10,228000
65 years and over,Men,Mar-10,132000
65 years and over,Women,Mar-10,191000
65 years and over,Men,Apr-10,151000
65 years and over,Women,Apr-10,156000
65 years and over,Men,May-10,144000
65 years and over,Women,May-10,172000
65 years and over,Men,Jun-10,115000
65 years and over,Women,Jun-10,161000
65 years and over,Men,Jul-10,135000
65 years and over,Women,Jul-10,213000
65 years and over,Men,Aug-10,134000
65 years and over,Women,Aug-10,197000
65 years and over,Men,Sep-10,134000
65 years and over,Women,Sep-10,192000
65 years and over,Men,Oct-10,141000
65 years and over,Women,Oct-10,158000
65 years and over,Men,Nov-10,173000
65 years and over,Women,Nov-10,205000
65 years and over,Men,Dec-10,157000
65 years and over,Women,Dec-10,182000
65 years and over,Men,Jan-11,152000
65 years and over,Women,Jan-11,205000
65 years and over,Men,Feb-11,145000
65 years and over,Women,Feb-11,190000
65 years and over,Men,Mar-11,140000
65 years and over,Women,Mar-11,175000
65 years and over,Men,Apr-11,137000
65 years and over,Women,Apr-11,161000
65 years and over,Men,May-11,148000
65 years and over,Women,May-11,184000
65 years and over,Men,Jun-11,148000
65 years and over,Women,Jun-11,166000
65 years and over,Men,Jul-11,159000
65 years and over,Women,Jul-11,219000
65 years and over,Men,Aug-11,153000
65 years and over,Women,Aug-11,227000
65 years and over,Men,Sep-11,168000
65 years and over,Women,Sep-11,224000
65 years and over,Men,Oct-11,157000
65 years and over,Women,Oct-11,263000
65 years and over,Men,Nov-11,172000
65 years and over,Women,Nov-11,230000
65 years and over,Men,Dec-11,150000
65 years and over,Women,Dec-11,208000
65 years and over,Men,Jan-12,130000
65 years and over,Women,Jan-12,201000
65 years and over,Men,Feb-12,118000
65 years and over,Women,Feb-12,230000
65 years and over,Men,Mar-12,118000
65 years and over,Women,Mar-12,191000
65 years and over,Men,Apr-12,133000
65 years and over,Women,Apr-12,212000
65 years and over,Men,May-12,171000
65 years and over,Women,May-12,228000
65 years and over,Men,Jun-12,184000
65 years and over,Women,Jun-12,235000
65 years and over,Men,Jul-12,168000
65 years and over,Women,Jul-12,244000
65 years and over,Men,Aug-12,152000
65 years and over,Women,Aug-12,243000
65 years and over,Men,Sep-12,162000
65 years and over,Women,Sep-12,196000
65 years and over,Men,Oct-12,120000
65 years and over,Women,Oct-12,206000
65 years and over,Men,Nov-12,115000
65 years and over,Women,Nov-12,195000
65 years and over,Men,Dec-12,97000
65 years and over,Women,Dec-12,191000
65 years and over,Men,Jan-13,125000
65 years and over,Women,Jan-13,219000
65 years and over,Men,Feb-13,131000
65 years and over,Women,Feb-13,198000
65 years and over,Men,Mar-13,128000
65 years and over,Women,Mar-13,187000
65 years and over,Men,Apr-13,149000
65 years and over,Women,Apr-13,180000
65 years and over,Men,May-13,135000
65 years and over,Women,May-13,143000
65 years and over,Men,Jun-13,116000
65 years and over,Women,Jun-13,226000
65 years and over,Men,Jul-13,106000
65 years and over,Women,Jul-13,170000
65 years and over,Men,Aug-13,78000
65 years and over,Women,Aug-13,167000
65 years and over,Men,Sep-13,91000
65 years and over,Women,Sep-13,195000
65 years and over,Men,Oct-13,97000
65 years and over,Women,Oct-13,186000
65 years and over,Men,Nov-13,97000
65 years and over,Women,Nov-13,179000
65 years and over,Men,Dec-13,82000
65 years and over,Women,Dec-13,169000
65 years and over,Men,Jan-14,93000
65 years and over,Women,Jan-14,179000
65 years and over,Men,Feb-14,76000
65 years and over,Women,Feb-14,173000
65 years and over,Men,Mar-14,76000
65 years and over,Women,Mar-14,151000
65 years and over,Men,Apr-14,105000
65 years and over,Women,Apr-14,143000
65 years and over,Men,May-14,84000
65 years and over,Women,May-14,183000
65 years and over,Men,Jun-14,114000
65 years and over,Women,Jun-14,172000
65 years and over,Men,Jul-14,97000
65 years and over,Women,Jul-14,213000
65 years and over,Men,Aug-14,95000
65 years and over,Women,Aug-14,257000
65 years and over,Men,Sep-14,79000
65 years and over,Women,Sep-14,193000
65 years and over,Men,Oct-14,84000
65 years and over,Women,Oct-14,188000
65 years and over,Men,Nov-14,122000
65 years and over,Women,Nov-14,141000
65 years and over,Men,Dec-14,110000
65 years and over,Women,Dec-14,128000
65 years and over,Men,Jan-15,97000
65 years and over,Women,Jan-15,157000
65 years and over,Men,Feb-15,100000
65 years and over,Women,Feb-15,174000
